text,link,image
Travel Organizer finds you didn’t know you needed ✨ #deals #trending #amazonfinds,http://localhost:8080/travel-organizer.html,
Phone Tripod finds you didn’t know you needed ✨ #deals #trending #amazonfinds,http://localhost:8080/phone-tripod.html,
Mini Projector finds you didn’t know you needed ✨ #deals #trending #amazonfinds,http://localhost:8080/mini-projector.html,
Portable Blender finds you didn’t know you needed ✨ #deals #trending #amazonfinds,http://localhost:8080/portable-blender.html,
Cat Water Fountain finds you didn’t know you needed ✨ #deals #trending #amazonfinds,http://localhost:8080/cat-water-fountain.html,
Home Gym finds you didn’t know you needed ✨ #deals #trending #amazonfinds,http://localhost:8080/home-gym.html,
Desk Setup finds you didn’t know you needed ✨ #deals #trending #amazonfinds,http://localhost:8080/desk-setup.html,
Wireless Lav Mic finds you didn’t know you needed ✨ #deals #trending #amazonfinds,http://localhost:8080/wireless-lav-mic.html,
Pet Hair Remover finds you didn’t know you needed ✨ #deals #trending #amazonfinds,http://localhost:8080/pet-hair-remover.html,
Rgb Lights finds you didn’t know you needed ✨ #deals #trending #amazonfinds,http://localhost:8080/rgb-lights.html,
Ice Roller finds you didn’t know you needed ✨ #deals #trending #amazonfinds,http://localhost:8080/ice-roller.html,
Car Vacuum finds you didn’t know you needed ✨ #deals #trending #amazonfinds,http://localhost:8080/car-vacuum.html,
